{
  "project_info": {
    "project_number": "290550240052",
    "firebase_url": "https://dptbilling-default-rtdb.asia-southeast1.firebasedatabase.app",
    "project_id": "dptbilling",
    "storage_bucket": "dptbilling.appspot.com"
  },
  "client": [
    {
      "client_info": {
        "mobilesdk_app_id": "1:290550240052:android:98d28d2608995df3fc8b61",
        "android_client_info": {
          "package_name": "com.example.infoadmin"
        }
      },
      "oauth_client": [
        {
          "client_id": "290550240052-p4nv5gne3dftr10f87p4gkfk9mlnpdt6.apps.googleusercontent.com",
          "client_type": 3
        }
      ],
      "api_key": [
        {
          "current_key": "AIzaSyCXHhq1KDwQOhpTaepDzb-Bq8dVVCWIzL0"
        }
      ],
      "services": {
        "appinvite_service": {
          "other_platform_oauth_client": [
            {
              "client_id": "290550240052-p4nv5gne3dftr10f87p4gkfk9mlnpdt6.apps.googleusercontent.com",
              "client_type": 3
            },
            {
              "client_id": "290550240052-hu7bhcqi96hiud824er7er10upf8afn4.apps.googleusercontent.com",
              "client_type": 2,
              "ios_info": {
                "bundle_id": "com.example.billing"
              }
            }
          ]
        }
      }
    }
  ],
  "configuration_version": "1"
}